timestamp,id,name,kind,baseline,change,params,n_test,brier_base,brier_new,delta,ci_lo,ci_hi,logloss_base,logloss_new,acc_base,acc_new,n_apr7,brier_apr7_base,brier_apr7_new,delta_apr7,ci_lo_apr7,ci_hi_apr7,brier_fold2_base,brier_fold2_new,delta_fold2,ci_lo_fold2,ci_hi_fold2,auto_verdict,decision,decision_reason,notes
2026-09-28T20:05:48+00:00,00a1,2.0a1 rest days on arena-local dates (B2B −56 kept),fix,baseline_v1,2.0a1 rest days on arena-local dates (B2B −56 kept),"{""K"": 10.0, ""HC_fav"": 50.0, ""HC_dog"": 35.0, ""carryover"": 0.75, ""rest_b2b"": -56.0, ""rest_1day"": 0.0, ""rest_basis"": ""local"", ""neutral_no_hc"": false, ""decay"": 0.6, ""decay_anchor"": ""2025-26"", ""tz_east"": 0.0, ""tz_west"": 0.0, ""K_playoff_rs"": 0.0, ""HC_playoff"": 50.0}",1231,0.205696,0.205084,-0.000612,-0.001845,0.000677,0.598138,0.596706,0.687246,0.688058,1178,0.208022,0.207383,-0.000639,-0.001884,0.000605,0.209568,0.210547,0.000979,-0.000303,0.002271,FIX,Fixed,"Correctness fix (rest days on the arena's local date), kept regardless of Brier.",
2026-09-28T20:05:50+00:00,00a2,2.0a2 refit B2B penalty on local labels → -60,fix,previous step,2.0a2 refit B2B penalty on local labels → -60,"{""K"": 10.0, ""HC_fav"": 50.0, ""HC_dog"": 35.0, ""carryover"": 0.75, ""rest_b2b"": -60.0, ""rest_1day"": 0.0, ""rest_basis"": ""local"", ""neutral_no_hc"": false, ""decay"": 0.6, ""decay_anchor"": ""2025-26"", ""tz_east"": 0.0, ""tz_west"": 0.0, ""K_playoff_rs"": 0.0, ""HC_playoff"": 50.0}",1231,0.205084,0.205184,9.9e-05,-3.4e-05,0.000235,0.596706,0.596916,0.688058,0.687246,1178,0.207383,0.207502,0.00012,-2.4e-05,0.000263,0.210547,0.210571,2.3e-05,-0.000113,0.000163,FIX,Fixed,Penalty refit on the corrected labels.,fold2 refit -52; old-label refit -60
2026-09-28T20:05:50+00:00,00b,2.0b no home court at neutral sites,fix,previous step,2.0b no home court at neutral sites,"{""K"": 10.0, ""HC_fav"": 50.0, ""HC_dog"": 35.0, ""carryover"": 0.75, ""rest_b2b"": -60.0, ""rest_1day"": 0.0, ""rest_basis"": ""local"", ""neutral_no_hc"": true, ""decay"": 0.6, ""decay_anchor"": ""2025-26"", ""tz_east"": 0.0, ""tz_west"": 0.0, ""K_playoff_rs"": 0.0, ""HC_playoff"": 50.0}",1231,0.205184,0.205272,8.9e-05,-0.000126,0.000303,0.596916,0.59704,0.687246,0.684809,1178,0.207502,0.207596,9.3e-05,-0.000145,0.000347,0.210571,0.210431,-0.00014,-0.000411,7.1e-05,FIX,Fixed,Correctness fix: no home court at neutral sites.,
2026-09-28T20:05:51+00:00,00v2,2.0 all fixes vs baseline_v1 → baseline_v2,fix,baseline_v1,2.0 all fixes vs baseline_v1 → baseline_v2,"{""K"": 10.0, ""HC_fav"": 50.0, ""HC_dog"": 35.0, ""carryover"": 0.75, ""rest_b2b"": -60.0, ""rest_1day"": 0.0, ""rest_basis"": ""local"", ""neutral_no_hc"": true, ""decay"": 0.6, ""decay_anchor"": ""2025-26"", ""tz_east"": 0.0, ""tz_west"": 0.0, ""K_playoff_rs"": 0.0, ""HC_playoff"": 50.0}",1231,0.205696,0.205272,-0.000424,-0.001712,0.000938,0.598138,0.59704,0.687246,0.684809,1178,0.208022,0.207596,-0.000426,-0.001732,0.000892,0.209568,0.210431,0.000862,-0.000418,0.002117,FIX,Fixed,All fixes together = the fixed baseline for later experiments.,baseline_v2
2026-09-28T20:06:07+00:00,01,retest: 1-day rest penalty (local rest days),retest,baseline_v2,rest_1day=-14 Elo (fit on 2021-22→2024-25),"{""K"": 10.0, ""HC_fav"": 50.0, ""HC_dog"": 35.0, ""carryover"": 0.75, ""rest_b2b"": -60.0, ""rest_1day"": -14.0, ""rest_basis"": ""local"", ""neutral_no_hc"": true, ""decay"": 0.6, ""decay_anchor"": ""2025-26"", ""tz_east"": 0.0, ""tz_west"": 0.0, ""K_playoff_rs"": 0.0, ""HC_playoff"": 50.0}",1231,0.205272,0.204939,-0.000333,-0.00089,0.000224,0.59704,0.596397,0.684809,0.690496,1178,0.207596,0.207201,-0.000394,-0.00101,0.000226,0.210387,0.21031,-7.7e-05,-0.000396,0.000251,REJECT,Rejected,Rule 4: 95% CI includes zero and |Δ| < 0.0085.,fold2 refit -8
2026-09-28T20:06:10+00:00,02,retest: time-zone travel,retest,baseline_v2,"tz_east=+0, tz_west=-10 Elo/hour","{""K"": 10.0, ""HC_fav"": 50.0, ""HC_dog"": 35.0, ""carryover"": 0.75, ""rest_b2b"": -60.0, ""rest_1day"": 0.0, ""rest_basis"": ""local"", ""neutral_no_hc"": true, ""decay"": 0.6, ""decay_anchor"": ""2025-26"", ""tz_east"": 0.0, ""tz_west"": -10.0, ""K_playoff_rs"": 0.0, ""HC_playoff"": 50.0}",1231,0.205272,0.204946,-0.000327,-0.000742,0.000108,0.59704,0.596235,0.684809,0.68156,1178,0.207596,0.207233,-0.000363,-0.000821,7.8e-05,0.210387,0.210741,0.000355,-0.000302,0.000987,REJECT,Rejected,Rule 4: 95% CI includes zero and |Δ| < 0.0085.,fold2 refit east +0 west -14
2026-09-28T20:21:19+00:00,03a,2.2(a) player availability — actual DNPs (ceiling),ceiling,baseline_v2,"expected-lineup strength, λ=0.55","{""avail"": {""value"": ""blend"", ""halflife_games"": 20.0, ""shrink_minutes"": 250.0, ""window_minutes"": 82, ""proj_games"": 10, ""baseline_games"": 0, ""presence_games"": 82, ""ridge"": 1.0}, ""lambda"": 0.55}",1231,0.205272,0.201417,-0.003856,-0.008528,0.000684,0.59704,0.585696,0.684809,0.680747,1178,0.207596,0.203991,-0.003605,-0.008255,0.001055,0.210387,0.204872,-0.005515,-0.010338,-0.000925,CEILING,Ceiling only,"Uses who actually played (known only after the game) — an upper bound, never adoptable.",fold2 λ=0.55
2026-09-28T20:22:09+00:00,04,2.1 margin model Φ(μ/σ),structural,baseline_v2,"slope 1.674, σ 14.00","{""slope"": 1.6740916616384411, ""sigma"": 13.995584702292115}",1231,0.205272,0.205736,0.000463,-0.000979,0.002043,0.59704,0.599078,0.684809,0.684809,1178,0.207596,0.208344,0.000748,-0.000767,0.002342,0.210387,0.21025,-0.000137,-0.002096,0.001807,REJECT,Adopted for spreads,As a win probability it is not better; spreads are derived from the win probability.,structural: accept if Brier at least equal; fold2 slope 1.809 σ 13.97
2026-09-28T20:22:39+00:00,05,"2.3 playoffs in the walk (K_playoff_rs, grid incl. 0)",experiment,baseline_v2,K_playoff_rs=30,"{""K"": 10.0, ""HC_fav"": 50.0, ""HC_dog"": 35.0, ""carryover"": 0.75, ""rest_b2b"": -60.0, ""rest_1day"": 0.0, ""rest_basis"": ""local"", ""neutral_no_hc"": true, ""decay"": 0.6, ""decay_anchor"": ""2025-26"", ""tz_east"": 0.0, ""tz_west"": 0.0, ""K_playoff_rs"": 30.0, ""HC_playoff"": 50.0}",1231,0.205272,0.206113,0.000841,-0.00022,0.00189,0.59704,0.598866,0.684809,0.683184,1178,0.207596,0.208484,0.000888,-0.00027,0.002015,0.210387,0.210493,0.000107,-0.001222,0.001524,REJECT,Rejected,Rule 4: 95% CI includes zero and |Δ| < 0.0085.,fold2 fit K=40
2026-09-28T20:26:13+00:00,06,2.3 preseason roster prior,experiment,baseline_v2,γ=0.15 × 28 × Δ roster strength,"{""gamma"": 0.15}",1231,0.205272,0.204957,-0.000315,-0.001118,0.000418,0.59704,0.59625,0.684809,0.685621,1178,0.207596,0.207258,-0.000337,-0.001111,0.000459,0.210387,0.210317,-7e-05,-0.001175,0.001046,REJECT,Rejected,Rule 4: 95% CI includes zero and |Δ| < 0.0085.,"fold2 γ=0.15; first-20-games Δ -0.0002 [-0.0015, +0.0012]"
2026-09-28T20:26:55+00:00,07,2.4 Kalman-style team rating variance,experiment,baseline_v2,"var_season=2.0, var_decay=0.02","{""K"": 10.0, ""HC_fav"": 50.0, ""HC_dog"": 35.0, ""carryover"": 0.75, ""rest_b2b"": -60.0, ""rest_1day"": 0.0, ""rest_basis"": ""local"", ""neutral_no_hc"": true, ""decay"": 0.6, ""decay_anchor"": ""2025-26"", ""tz_east"": 0.0, ""tz_west"": 0.0, ""K_playoff_rs"": 0.0, ""HC_playoff"": 50.0, ""var_season"": 2.0, ""var_decay"": 0.02}",1231,0.205272,0.208314,0.003041,-0.000797,0.006832,0.59704,0.603905,0.684809,0.671812,1178,0.207596,0.21086,0.003265,-0.000542,0.007135,0.210387,0.211382,0.000996,-0.003365,0.005034,REJECT,Rejected,Rule 4: 95% CI includes zero and |Δ| < 0.0085.,fold2 fit 3.0/0.02
2026-09-29T07:50:19+00:00,03b,2.2(b) player availability — pregame reports T−60,experiment,baseline_v2,"expected-lineup strength with P(plays|status), λ=0.7","{""avail"": {""value"": ""blend"", ""halflife_games"": 20.0, ""shrink_minutes"": 250.0, ""window_minutes"": 82, ""proj_games"": 10, ""baseline_games"": 0, ""presence_games"": 82, ""ridge"": 1.0}, ""lambda"": 0.7, ""p_plays"": {""Out"": 0.001, ""Doubtful"": 0.0181, ""Questionable"": 0.5271, ""Probable"": 0.9187, ""Available"": 0.8101, ""Not listed"": 0.7952}}",1231,0.205272,0.202525,-0.002747,-0.007584,0.002083,0.59704,0.58816,0.684809,0.683997,1178,0.207596,0.205218,-0.002377,-0.007176,0.002209,0.210387,0.205385,-0.005002,-0.009595,-0.000555,REJECT,Rejected,Rule 4: 95% CI includes zero and |Δ| < 0.0085.,fold2 λ=0.7; report coverage test 98.3% fold2 98.4%
2026-09-29T08:36:46+00:00,03c,2.2(b) availability — STRICT: all tuning on 2021-22→2023-24 only,experiment,baseline_v2,"blend, hl 160, shrink 500, baseline 0, λ=0.8","{""avail"": {""value"": ""blend"", ""halflife_games"": 160.0, ""shrink_minutes"": 500.0, ""window_minutes"": 82, ""proj_games"": 10, ""baseline_games"": 0, ""presence_games"": 82, ""ridge"": 1.0}, ""lambda"": 0.8, ""p_plays"": {""Out"": 0.0012, ""Doubtful"": 0.0189, ""Questionable"": 0.5381, ""Probable"": 0.9294, ""Available"": 0.7913, ""Not listed"": 0.7957}}",1231,0.205272,0.201898,-0.003374,-0.008347,0.001348,0.59704,0.587151,0.684809,0.690496,1178,0.207596,0.204711,-0.002885,-0.007431,0.00186,0.210387,0.204988,-0.005399,-0.009893,-0.000821,REJECT,Adopted,"Pre-stated basis: pooled 2024-25 + 2025-26, Δ −0.0044 [−0.0075, −0.0012], CI excludes zero.","pooled 2024-26 Δ -0.0044 [-0.0075, -0.0012]"
2026-09-29T08:38:48+00:00,03d,"2.2(b) availability — strict, roster-aware membership",experiment,baseline_v2,"03c layer + next-row roster membership, λ=0.9","{""avail"": {""value"": ""blend"", ""halflife_games"": 160.0, ""shrink_minutes"": 500.0, ""window_minutes"": 82, ""proj_games"": 10, ""baseline_games"": 0, ""presence_games"": 82, ""ridge"": 1.0}, ""lambda"": 0.9, ""membership"": ""next box row, same season; +listed""}",1231,0.205272,0.202403,-0.002869,-0.008217,0.002221,0.59704,0.588621,0.684809,0.688871,1178,0.207596,0.205221,-0.002375,-0.007513,0.002713,0.210387,0.206766,-0.00362,-0.008794,0.001561,REJECT,Rejected,Rule 4: 95% CI includes zero and |Δ| < 0.0085.,"pooled 2024-26 Δ -0.0032 [-0.0068, +0.0004]"
2026-09-29T08:46:52+00:00,09a,2.3 playoff K on the adopted model (grid incl. 0),experiment,v3 (baseline_v2 + availability),K_playoff_rs=30,"{""K_playoff_rs"": 30.0}",1231,0.201898,0.202614,0.000715,-0.000298,0.001722,0.587151,0.588707,0.690496,0.691308,1178,0.204711,0.205462,0.000751,-0.000313,0.001839,0.204988,0.205152,0.000164,-0.000663,0.001047,REJECT,Rejected,Rule 4: 95% CI includes zero and |Δ| < 0.0085.,fold2 fit 30
2026-09-29T08:46:54+00:00,09b,2.3 preseason roster prior on the adopted model (grid incl. 0),experiment,v3 (baseline_v2 + availability),γ=0.05,"{""gamma"": 0.05}",1231,0.201898,0.201807,-9.2e-05,-0.000362,0.000174,0.587151,0.586932,0.690496,0.688058,1178,0.204711,0.204613,-9.8e-05,-0.000374,0.000172,0.204988,0.205128,0.00014,-0.00025,0.000536,REJECT,Rejected,Rule 4: 95% CI includes zero and |Δ| < 0.0085.,fold2 γ=0.05
2026-09-29T08:50:42+00:00,03e,"2.2(b) availability — strict, roster-aware membership + 14-day recency",experiment,baseline_v2,"03c layer + next-row roster membership + recency, λ=0.9","{""avail"": {""value"": ""blend"", ""halflife_games"": 160.0, ""shrink_minutes"": 500.0, ""window_minutes"": 82, ""proj_games"": 10, ""baseline_games"": 0, ""presence_games"": 82, ""ridge"": 1.0}, ""lambda"": 0.9, ""membership"": ""next box row, same season; +listed""}",1231,0.205272,0.202655,-0.002618,-0.008103,0.002566,0.59704,0.58903,0.684809,0.688871,1178,0.207596,0.205443,-0.002153,-0.007279,0.003183,0.210387,0.20664,-0.003747,-0.008924,0.00146,REJECT,Adopted (judgment call),"Correct for live rosters; pooled Δ −0.0032 [−0.0067, +0.0004] — the CI touches zero. Chosen over 03c for live correctness, stated openly.","pooled 2024-26 Δ -0.0032 [-0.0067, +0.0004]"
